no,cause,place,n_routes,located_by,lon,lat,km,road_class,dist_center_km,in_model_history,live_high,live_coloured,model_top5,model_top20,route_ids
1,rain,"Lý Thường Kiệt, số 387 → Trường Nguyễn Thái Bình",4,đoạn quanh vị trí ước lượng,106.652988,10.788497,2.86,primary,5.1,0.0,1.0,1.0,0.805,1.0,4b8f9c30af2ce7de8ff0;f1ac04c7e117b35d9fcc;17e25f1b216add5767b0;749dd81047957886ab25
2,rain,Ngã tư Bảy Hiền,7,đoạn quanh vị trí ước lượng,106.653155,10.79299,3.55,primary,5.5,0.0,0.946,1.0,0.946,0.962,305756bc0816ad074135;a3d3e83ddb29967c0d89;5cc7df093a6a3cca9c66;d2e1b3ef6ae8fa75e541;f59e14c4839917bdf3a9;4b8f9c30af2ce7de8ff0;749dd81047957886ab25
3,rain,Lê Đức Anh - Hồ Học Lãm,3,tại chỗ giao,106.602897,10.73459,7.34,trunk,11.4,0.0,0.698,1.0,0.0,0.93,a996f8ad637b319b5695;23c65e57e8bbe1112501;6f857d4410b085431a9a
4,rain,"Tỉnh lộ 10, Tên Lửa → Lê Đức Anh",11,đoạn giữa hai đường giao,106.600489,10.754675,2.99,primary,10.8,0.0,0.326,0.948,0.191,0.948,ce97b5379badf4297fff;a20d8e328b68bb47a6e7;7fdbc33cb16b2de14801;fa060d3bf3042992ae78;248260bea2647b16650d;c7efc64c3aef490d1002;6c8177e22992b4955b7d;a463ce1151ece6aa1b14;32ead3e233dc2345b066;ac245cf13cd722d08737;7a976c417a5fdd4f4742
5,rain,"Trần Đại Nghĩa, số 4 → Lê Khả Phiêu",2,tại chỗ giao,106.600782,10.72233,0.35,secondary,12.2,0.0,0.0,1.0,0.0,0.455,f2efc336196740a29eaf;1a134fef89e7f68d9cdc
6,rain,"Trần Văn Giàu, số 55 → Vườn Thơm",2,tại chỗ giao,106.513257,10.789692,2.22,primary,20.7,0.0,0.575,1.0,0.0,1.0,abf72f9a564a099e6cbf;1f8fc6daf3fe0390ca92
7,rain,"Vĩnh Lộc, Trần Văn Giàu → Lại Hùng Cường",6,đoạn giữa hai đường giao,106.553905,10.784774,3.74,secondary,15.7,0.0,0.0,0.0,0.0,0.0,68cac1e5815f90a8b151;af85584aca29f7a29924;9ac77a78f8abdcf3513f;2cb9095977edbe49bf48;7b4dc395ea3efe4a80cc;9cb3a94339fb00c1b4d4
8,rain,"Võ Văn Vân, số 700–730 (Trục Tổ 7)",1,tại chỗ giao,106.574945,10.78574,0.69,tertiary,13.5,0.0,0.0,0.0,0.0,0.0,2ec2d334319e7c6f9290
9,rain,"Lê Quang Đạo, Võ Thị Hồi → Nguyễn Thị Sóc",6,đoạn giữa hai đường giao,106.600676,10.864424,5.88,trunk,14.6,0.0,0.0,0.908,0.0,0.749,22391ffc4e687d5b17e3;131100189233704e95d4;57c18b22e415f01e808b;a54a2e8d8c067439a85d;cc3f16bfddb817c689b9;2483a1d3ce759d21c864
10,rain,Lê Quang Đạo - Trần Văn Mười,4,tại chỗ giao,106.591283,10.877704,5.16,trunk,16.5,0.0,0.0,0.0,0.0,0.0,0dd71261804ab770ebce;bde931ceff3a0d14ed8d;a96ef77b2bb37996d86e;534f56ead633afd9f5ac
11,rain,"Trần Văn Mười, Lê Quang Đạo → Xuân Thới 2",5,đoạn giữa hai đường giao,106.590276,10.874183,1.28,tertiary,16.2,0.0,0.0,0.0,0.0,0.0,62ba131980e1a9cf29c6;c7c656f130a6cc28e78b;fcc9e170e25fed1e7ef6;3ccfa1a0fc242dfb234a;8bef84709767ec9c27cb
12,rain,"Nguyễn Thị Thử, Võ Thị Hồi → Xuân Thới Sơn 5",2,tại một đầu đoạn,106.578535,10.867098,1.23,tertiary,16.8,0.0,0.0,0.0,0.0,0.0,2f8cc3c592e0619ce637;ed02e58fa15dba57c5ee
13,rain,"Song hành quốc lộ 22, Đỗ Mười → Bà Triệu",15,đoạn giữa hai đường giao,106.605171,10.861673,6.97,tertiary,14.2,0.066,0.066,0.732,0.0,0.495,9048d6059a6336430254;2e2245b6b07f4957112f;fd995710f5312bbfc2e0;2fe8a3cb344459f55bf0;db4d836aaf8d74fa3600;c9b5572e58a0d06ad60d;2f0690aabda7af35644d;714546cf1957c8c8053a;2a806d30d73856bbf65a;44b56f288f2713645c64;044c9f64284cefb54f38;6b6f12493b53e47819a9;2a2f9df2e8b4524fe914;7d847bc9f7b45efe17cc;1690c2f0a58633b3eb90
14,rain,"Nguyễn Ảnh Thủ, Lê Quang Đạo → Đồng Tâm",7,đoạn giữa hai đường giao,106.609683,10.858974,2.06,secondary,13.6,0.153,0.153,1.0,0.0,0.153,3f5284da894ce7cf0e72;997405f4d5566d8a7335;c9fc97bd0d645e7ecb0e;00f987a1bf3c7ceb0496;aae27711db1073bc80c8;79b0383b56d46e484675;a2fca5833cf85b916139
15,rain,"Bà Triệu, Quang Trung → Song hành",4,đoạn giữa hai đường giao,106.594547,10.883619,1.25,tertiary,16.7,0.0,0.0,0.389,0.0,0.081,f654e7a8ff75c9258ae7;3c994a3ad422c632b368;2600fc3091f8ef6ff897;8085f0c55f2640f60d74
16,rain,"Trưng Nữ Vương, Quang Trung → Đỗ Văn Dậy",2,đoạn giữa hai đường giao,106.596652,10.891262,0.65,secondary,17.2,0.0,0.791,0.791,0.0,0.791,c15338a27f6013b8160b;1f8ff0429f401774185f
17,rain,"Đỗ Mười, trước số 2539/3A (An Phú Đông)",6,đoạn quanh vị trí ước lượng,106.703946,10.85957,8.77,trunk,9.7,0.0,0.495,1.0,0.0,0.779,618628d68f5a3c5a724e;dc63b5145663c04a5448;7c0197ff8ad0adf42ef2;55e635a9451c5216cfaa;a8c556a62d4f0ead59d5;d43ca0d02f870f7f8c7e
18,rain,"Đỗ Mười, trước số 139 (Tam Bình)",5,đoạn quanh vị trí ước lượng,106.733294,10.86993,7.63,trunk,11.5,0.0,1.0,1.0,0.772,1.0,5ef4755cbb16216979b0;e572e0aef1e6e478935f;4798ca8b58f8d10ea0e7;b0537d6f20f275dc95ec;a3cf90429ea15236c65a
19,rain,"Đỗ Mười, hai bên cầu Bình Phước",4,đoạn quanh vị trí ước lượng,106.715004,10.860993,5.63,trunk,9.9,0.0,0.727,1.0,0.331,1.0,7773e04813df0b36c4bf;e34e852b21a087b312a6;7c0197ff8ad0adf42ef2;55e635a9451c5216cfaa
20,rain,"Đỗ Mười, trước chợ đầu mối Thủ Đức",5,đoạn quanh vị trí ước lượng,106.732887,10.869732,7.63,trunk,11.5,0.0,1.0,1.0,0.772,1.0,5ef4755cbb16216979b0;e572e0aef1e6e478935f;4798ca8b58f8d10ea0e7;b0537d6f20f275dc95ec;a3cf90429ea15236c65a
21,rain,Đỗ Mười - đường 17,0,không tìm thấy chỗ giao với đường nêu trong tin,,,,,,,,,,,
22,rain,Hầm chui cầu Bến Cát (Thới An),0,"không phải tên đường, chưa định vị",,,,,,,,,,,
23,rain,Vòng xoay Bình Phước,1,tại chỗ giao,106.718243,10.848177,1.0,trunk,9.1,0.0,1.0,1.0,1.0,1.0,52ae1122f877d11bac3b
24,rain,Hai bên ngã tư Bình Phước,6,tại chỗ giao,106.724183,10.865215,4.82,trunk,10.5,0.0,1.0,1.0,0.67,1.0,828ffd40de039ee72b54;1d4f69adbfc03270b8d7;8941f3d75624ad044257;d667c0384b5054c7324d;800164b987436be445e6;90db5d4a47a532b20371
25,rain,"Võ Nguyên Giáp, cầu Trắng → điểm quay đầu",8,đoạn quanh vị trí ước lượng,106.756018,10.80871,17.02,trunk,7.8,0.0,0.916,1.0,0.496,0.916,160702f42134b5793166;7c9683dbbd205dac716e;ec14a69a649d3f1a7084;13aa3236ec1c5042c9f0;542dcda9f8a875a7d45e;89dbba6d42163a0c5b32;6c4328c2e4253851dc0f;e42655cfe26b299caa98
26,rain,"Võ Nguyên Giáp, điểm quay đầu → cầu Rạch Chiếc",8,đoạn quanh vị trí ước lượng,106.756018,10.80871,17.02,trunk,7.8,0.0,0.916,1.0,0.496,0.916,160702f42134b5793166;7c9683dbbd205dac716e;ec14a69a649d3f1a7084;13aa3236ec1c5042c9f0;542dcda9f8a875a7d45e;89dbba6d42163a0c5b32;6c4328c2e4253851dc0f;e42655cfe26b299caa98
27,rain,Võ Trường Toản × song hành Võ Nguyên Giáp,5,tại chỗ giao,106.748158,10.803194,6.4,trunk,6.9,0.0,0.88,1.0,0.0,1.0,ec14a69a649d3f1a7084;a387ece4f1dd929e13ed;542dcda9f8a875a7d45e;8760e61f86e518876597;cbfb54dba58c3e6374ff
28,rain,"Chân cầu Rạch Chiếc, hướng ra ga metro",4,đoạn quanh vị trí ước lượng,106.756018,10.80871,8.44,trunk,7.0,0.0,0.847,1.0,0.0,0.847,ec14a69a649d3f1a7084;542dcda9f8a875a7d45e;89dbba6d42163a0c5b32;6c4328c2e4253851dc0f
29,rain,Tố Hữu - Mai Chí Thọ,3,tại chỗ giao,106.716935,10.770975,9.99,primary,2.6,0.0,0.0,0.663,0.0,0.0,fe2710fe34b07eeedbb0;6f4f86832f178db9c45e;daf86730a5024d5d6d70
30,rain,Mai Chí Thọ - Lương Định Của,3,tại chỗ giao,106.751333,10.792021,5.65,trunk,6.3,0.0,0.425,1.0,0.0,0.92,3aba6de38bb2e1ff57f2;a85e2681bfe220b3112f;19e36b7d28f0729c0942
31,rain,"Mai Chí Thọ, cầu vượt A → Lương Định Của",3,tại chỗ giao,106.751333,10.792021,5.65,trunk,6.3,0.0,0.425,1.0,0.0,0.92,3aba6de38bb2e1ff57f2;a85e2681bfe220b3112f;19e36b7d28f0729c0942
32,rain,Tô Ngọc Vân × Phạm Văn Đồng,3,tại chỗ giao,106.751291,10.853509,1.27,secondary,10.7,0.498,0.938,1.0,0.938,1.0,b01cffdc16051fb7a7b7;77f05371923dbac40a50;7c7ebe698a0feb503806
33,rain,Tô Ngọc Vân × Linh Đông,2,tại chỗ giao,106.750017,10.856785,0.87,secondary,10.9,0.354,1.0,1.0,1.0,1.0,ab5d79697242d3327279;b01cffdc16051fb7a7b7
34,rain,Tô Ngọc Vân × đường 35,2,tại chỗ giao,106.748581,10.858923,0.38,secondary,11.0,1.0,1.0,1.0,0.813,1.0,ab5d79697242d3327279;c9ca6ad2f6a5516296aa
35,rain,Phạm Văn Đồng - Linh Đông,3,tại chỗ giao,106.743734,10.841471,3.94,trunk,9.1,0.0,1.0,1.0,0.556,1.0,9e60371162f2caba6da7;4ac11e4cbc964201a566;6a188752489186162252
36,rain,Số 69 Trịnh Thị Dối (Đông Thạnh),10,cả con đường,106.645863,10.901327,3.36,tertiary,15.5,0.0,0.0,0.475,0.0,0.0,19ded4872daaa4fc45f4;9d95b38ef60f963e6031;108f7acc9cd0e3e3e27c;73ab93f10d8906c46b5b;301fb720a4b5b5e93c4f;5ef5439cba59bb628153;a2ae0483f66e11f38b5a;5416a1c64d38713dc794;ce1c7c5add2f9ec802e4;87908b35f91cc2634282
37,rain,Võ Chí Công - đường số 5,2,tại chỗ giao,106.780152,10.775709,4.84,primary,9.1,0.0,0.0,1.0,0.0,0.0,c74fa3eb96e7899c5dad;0567eb697633480604b8
38,rain,Thảo Điền - Quốc Hương,0,không tìm thấy chỗ giao với đường nêu trong tin,,,,,,,,,,,
39,rain,Đỗ Xuân Hợp - Tây Hòa,3,tại chỗ giao,106.769223,10.824435,0.67,secondary,9.7,0.41,0.41,1.0,0.41,0.875,6a7a9f1c406ecd3e8e09;6b61933746761dfaeab2;fd2ffde2ca76521095cb
40,rain,Đường số 2 (phường Thủ Đức),6,đoạn quanh vị trí ước lượng,106.756075,10.834363,2.3,tertiary,9.3,0.0,0.783,1.0,0.549,0.856,cd8c7040e4189eb5d4d3;17ecea15d73eff1af63f;4dc445d5a47311a0f676;4982eb0ea3df0b7ea7d6;f2aebf2002e554c9892f;fb4a1e8784e543ba5a48
41,rain,"Tạ Quang Bửu, Võ Liêm Sơn → Cao Lỗ",4,đoạn giữa hai đường giao,106.676125,10.7399,1.47,secondary,4.5,0.0,1.0,1.0,0.886,1.0,b8dd8351ce1bba3e5073;379540fb3412bbbce7e1;f48e2cc17633db885111;08afba358e5650a917bb
42,rain,Chợ Thủ Đức,3,tại chỗ giao,106.754951,10.851228,0.49,secondary,10.7,0.836,1.0,1.0,0.744,1.0,7531878c367b259a21f6;e63969ed952b5952a06f;ff806482af173c55dab6
43,rain,Lý Tế Xuyên,2,cả con đường,106.745812,10.85608,0.86,residential,10.6,0.0,0.836,1.0,0.836,1.0,3dba542cdd942091b58d;6e1da13811368cfcad09
44,rain,Cổng KCN Sóng Thần,0,"không phải tên đường, chưa định vị",,,,,,,,,,,
45,rain,ĐT743A - Mỹ Phước Tân Vạn,3,tại chỗ giao,106.690618,10.987545,3.02,secondary,23.8,0.0,0.0,0.0,0.0,0.0,7dea884c7939133417fd;46a726f9a60244853a1a;3caab99467c1a00cdffe
46,rain,"Lê Văn Việt, Đình Phong Phú → Lã Xuân Oai",8,đoạn giữa hai đường giao,106.783958,10.844147,1.59,secondary,12.4,0.596,0.596,1.0,0.215,0.376,5bbbddfcb1931caab803;6b1535438e7c7abde783;75c7ffb384e2e46fc846;ec8642493964dcdb4151;02192aa990b7a485ae29;e8249475487c9681e21d;24e2b1c3c4347381a398;a8e14914cfd1fb5a9c73
47,rain,"Nguyễn Xiển, số 581 → cầu Gò Công",6,đoạn quanh vị trí ước lượng,106.829932,10.83805,3.78,secondary,16.6,0.0,0.0,0.603,0.0,0.0,29e25384a933385328e3;64c82e1e4fb3d114d6e3;ad1fcf4eb94009744eef;31a8aa0184f542bdf9f4;0a3e480f012929e0c692;0043c0d7e46bf51a0ddc
48,rain,"Quốc lộ 50, Nguyễn Văn Linh → cầu Chánh Hưng",3,tại chỗ giao,106.655693,10.719104,0.61,primary,7.3,0.0,0.0,0.929,0.0,0.0,79444457e81d9f01c601;9b13d24ab5d8fdf4d682;161460c3f13c0fee6540
49,rain,Văn Tiến Dũng,17,cả con đường,106.650741,10.676851,11.17,trunk,11.6,0.0,0.0,0.317,0.0,0.0,c1bb1b6392357222611b;37d70405ef191fcf992f;b92ccc4c52da0d03845b;a1fe99af7be4202db726;c42d4959a933d9afec5c;cfb7a7bb5b9f744d31af;f70195a0fb465dc482f9;39b31a35ff0ddc75d40c;cdc3f4f266c831756e9b;d23899624263e4b3d10f;418a1009600d0743c078;6af055162d61b3035a83;e237571aae36d39c9832;768a934897c7e84ebe65;a372b16fe0af91cdf3f6;7b1c67c5e4b99843e7df;c9c10043b3135acd8c26
50,rain,"Nguyễn Văn Tạo, cầu Kênh Lộ → cầu Rạch Chim",13,cả con đường,106.738128,10.622062,11.28,secondary,17.2,0.024,0.024,0.275,0.0,0.0,6995a9daf859f0f001af;eb133047158981dfbe17;04f3699f7adcc284247e;4c52b830a8e7314dc2eb;ae0cca8d53b444b9d126;f9e8a747088cfb6a0120;107595d9e2c28989f3e1;27fea8db6c7b2cd540f7;4d01de5a5061344be5cb;0cac9485f2144698b571;b51de06b8b9cf702a016;94103ed197fe2c9abc2f;f010dfff6e63c37639fc
51,rain,Nguyễn Bình - Lê Văn Lương,2,tại chỗ giao,106.70008,10.681064,1.65,secondary,9.7,0.0,0.0,0.939,0.0,0.0,25e87f5d36997ce5b4a2;c7e440afe2a32cd4789c
52,rain,Huỳnh Tấn Phát - Phú Thuận,2,tại chỗ giao,106.732057,10.73076,1.49,primary,6.1,0.0,1.0,1.0,1.0,1.0,2def25ddcaf3a67e7814;e78f974c13cf7677f87d
53,rain,"Nguyễn Văn Linh, trước cầu Ông Lớn (Phạm Hùng → Nguyễn Hữu Thọ)",11,đoạn giữa hai đường giao,106.688442,10.72812,18.49,trunk,4.9,0.0,0.529,0.994,0.098,0.994,75864089fab21ee1be57;5434065e20e4b599c147;86db66ae404edc46b686;61b17151e0f7d067fd36;344a75d185b0adcf0432;9ad07d83b8fcc3c643dc;153461e5190f8581f19b;2cc788376979e3b61a2d;68914222f2ecc40f41bd;54cbe481d62eefae20ac;0c4d182134c3584dfa80
54,rain,"Nguyễn Văn Linh, Phạm Văn Nghị → cầu Cả Cấm",3,tại chỗ giao,106.706772,10.729081,8.66,trunk,5.0,0.0,0.836,1.0,0.0,1.0,2cc788376979e3b61a2d;906f58bc776a2cdb8876;68914222f2ecc40f41bd
55,rain,"Đường D1 (Him Lam), D6 → Nguyễn Văn Linh",1,tại chỗ giao,106.72397,10.749536,0.3,residential,3.9,0.0,0.0,1.0,0.0,1.0,ac7c55949c9bf061dcb2
56,rain,"Đường D6, Nguyễn Hữu Thọ → D1",1,tại chỗ giao,106.69992,10.733206,1.12,tertiary,4.3,0.0,0.0,1.0,0.0,0.0,71253fcce51118c1d8b4
57,rain,Hoàng Trọng Mậu,8,cả con đường,106.696139,10.738984,5.72,secondary,3.7,0.0,0.939,1.0,0.44,1.0,d03586cebb3bc37275f3;882bdaa7381e8639b65c;d5859627b17b0e2e5b78;a066f447c65d8b7f852d;55396859076b33efc45a;a08beb66fb8bcf85a28f;eca2759e500d5c159ba5;06a2cdb5babe91d9f967
58,rain,Đặng Thùy Trâm (Bình Lợi Trung),9,cả con đường,106.700251,10.833943,1.92,secondary,10.8,0.0,0.145,0.69,0.0,0.367,016b25ff23d3eb384a64;53ef6605bca82cdb56d4;c63f4f9cda57dbd3e8aa;b56f594cb0b054bac1dd;f2bbaa90298b00381c97;0854d8be482ad8236c25;6852ffb64fa08a1b520d;70bce32c38764cdd3cb2;81fe25fab231ec1e7d8f
59,rain,"Ung Văn Khiêm, Nguyễn Gia Trí → Điện Biên Phủ",7,đoạn giữa hai đường giao,106.721631,10.803902,1.64,secondary,4.3,0.626,0.694,1.0,0.694,1.0,97195a118bffb57bb764;b846917ec8245699bb3b;b1ce50755d916d1b486b;3e609caf1c839ac3082c;1313662dc34674efecf4;3829f84fc4a67c4721c6;a3d1ac62c7f6efd48e28
60,rain,"Nguyễn Văn Khối, Lê Văn Thọ → UBND Thông Tây Hội",3,tại chỗ giao,106.657161,10.842594,0.88,tertiary,9.0,0.254,1.0,1.0,1.0,1.0,733181ef8595c0a63bd4;c880478394782f68218e;c0989f21955b9df4349b
61,rain,"Phạm Thế Hiển, hẻm 2695 → Lê Bôi",2,tại chỗ giao,106.62793,10.712131,1.74,secondary,10.0,0.0,0.0,1.0,0.0,0.0,17ddff6f9349ad5c0a50;c43276e0651bae843ff4
62,rain,"Phạm Thế Hiển, chân cầu Bà Tàng",1,tại chỗ giao,106.640876,10.73156,0.25,secondary,7.6,0.0,0.0,1.0,0.0,0.0,724918afa0b505617685
63,rain,"Phan Văn Khải, số 534 (Tân An Hội)",35,cả con đường,106.509345,10.957037,55.13,trunk,29.0,0.0,0.0,0.553,0.0,0.128,07d12d87734d8f334c17;4b5a18789ea4d5bc3244;6c0808f9e244123a7226;a990ef5f6373a83a3202;ace342c06f08ce4e50d1;3ed365f20691909c9ac9;49cc3e2b4b0f6239e9e4;086af0502a1cba0309f9;486aff1e81a4a4d3936f;c3c1b561c1ecddec23bc;5a526a85e30a0f5088d6;431c8db71a82c8716a9c;c4297443b7c99e8f7ba5;23834a4c17e403847a63;c2280f932c2e4d76a9d0;e51b70994945b93b6e53;769e21ce844136839f25;6a860b6799b07053af04;e0e30b0cae72e0fdba1d;123c89d44c7b5e062b59;f1eaf37f25506d3d5cc5;3b42f5a6577050b02bb7;a5385a4d23afcd9395de;8813c43863eed432fcc2;8a7fbcd1736492499aa9;67bfc103dcf4ada51e6d;a0d7e99e951dbed412dc;21711cf4d3fc237d7b71;09933661e3f27f1d2501;48ed1f84d8c22057d5f3;202b43b57bb095ab1804;7a5e954aede851134389;c725d88f0912b0d414c4;4e38ce48f5992f07d95f;eb96af743733f8f6c36d
64,rain,"Phan Văn Khải, số 437 (Tân An Hội)",35,cả con đường,106.509345,10.957037,55.13,trunk,29.0,0.0,0.0,0.553,0.0,0.128,07d12d87734d8f334c17;4b5a18789ea4d5bc3244;6c0808f9e244123a7226;a990ef5f6373a83a3202;ace342c06f08ce4e50d1;3ed365f20691909c9ac9;49cc3e2b4b0f6239e9e4;086af0502a1cba0309f9;486aff1e81a4a4d3936f;c3c1b561c1ecddec23bc;5a526a85e30a0f5088d6;431c8db71a82c8716a9c;c4297443b7c99e8f7ba5;23834a4c17e403847a63;c2280f932c2e4d76a9d0;e51b70994945b93b6e53;769e21ce844136839f25;6a860b6799b07053af04;e0e30b0cae72e0fdba1d;123c89d44c7b5e062b59;f1eaf37f25506d3d5cc5;3b42f5a6577050b02bb7;a5385a4d23afcd9395de;8813c43863eed432fcc2;8a7fbcd1736492499aa9;67bfc103dcf4ada51e6d;a0d7e99e951dbed412dc;21711cf4d3fc237d7b71;09933661e3f27f1d2501;48ed1f84d8c22057d5f3;202b43b57bb095ab1804;7a5e954aede851134389;c725d88f0912b0d414c4;4e38ce48f5992f07d95f;eb96af743733f8f6c36d
65,rain,"Phan Văn Khải, số 124 (Củ Chi)",35,cả con đường,106.509345,10.957037,55.13,trunk,29.0,0.0,0.0,0.553,0.0,0.128,07d12d87734d8f334c17;4b5a18789ea4d5bc3244;6c0808f9e244123a7226;a990ef5f6373a83a3202;ace342c06f08ce4e50d1;3ed365f20691909c9ac9;49cc3e2b4b0f6239e9e4;086af0502a1cba0309f9;486aff1e81a4a4d3936f;c3c1b561c1ecddec23bc;5a526a85e30a0f5088d6;431c8db71a82c8716a9c;c4297443b7c99e8f7ba5;23834a4c17e403847a63;c2280f932c2e4d76a9d0;e51b70994945b93b6e53;769e21ce844136839f25;6a860b6799b07053af04;e0e30b0cae72e0fdba1d;123c89d44c7b5e062b59;f1eaf37f25506d3d5cc5;3b42f5a6577050b02bb7;a5385a4d23afcd9395de;8813c43863eed432fcc2;8a7fbcd1736492499aa9;67bfc103dcf4ada51e6d;a0d7e99e951dbed412dc;21711cf4d3fc237d7b71;09933661e3f27f1d2501;48ed1f84d8c22057d5f3;202b43b57bb095ab1804;7a5e954aede851134389;c725d88f0912b0d414c4;4e38ce48f5992f07d95f;eb96af743733f8f6c36d
66,rain,"ĐT744, An Tây",0,ngoài vùng mô hình (Bình Dương cũ),,,,,,,,,,,
67,rain,"ĐT744, Rạch Bắp → Bưng Còng",0,ngoài vùng mô hình (Bình Dương cũ),,,,,,,,,,,
68,rain,"Bùi Thanh Khiết, Nguyễn Hữu Trí → Bình Thuận - Chợ Đệm",1,tại chỗ giao,106.574038,10.691587,0.61,secondary,16.4,0.0,0.0,0.0,0.0,0.0,cc2cfc9ee5ccf3195594
69,rain,"Trịnh Quang Nghị, Nguyễn Văn Linh → cầu Ba Tơ",1,tại chỗ giao,106.63434,10.702454,2.13,secondary,10.2,0.0,0.0,0.0,0.0,0.0,ffec20ab2130eea15666
70,rain,Mã Lò → Hương lộ 2,2,tại chỗ giao,106.603887,10.765311,1.02,secondary,10.3,0.0,0.857,1.0,0.857,0.857,6356014b40cd37919ab8;51c351a0029aabb033a1
71,rain,Bình Trị Đông - Chiến Lược,4,tại chỗ giao,106.610003,10.761407,0.73,tertiary,9.7,0.0,0.939,1.0,0.459,0.939,2ee0cf8c448c188b5973;e094943a7ffead1bf583;b567c913a23ffb71f5e4;1dd5d1db2fdfa71e8edd
72,rain,"Quốc lộ 51, điểm 1 (Phú Mỹ – Vũng Tàu)",0,ngoài vùng mô hình (Bà Rịa – Vũng Tàu cũ),,,,,,,,,,,
73,rain,"Quốc lộ 51, điểm 2 (Phú Mỹ – Vũng Tàu)",0,ngoài vùng mô hình (Bà Rịa – Vũng Tàu cũ),,,,,,,,,,,
74,rain,"Quốc lộ 51, điểm 3 (Phú Mỹ – Vũng Tàu)",0,ngoài vùng mô hình (Bà Rịa – Vũng Tàu cũ),,,,,,,,,,,
75,rain,"Quốc lộ 51, điểm 4 (Phú Mỹ – Vũng Tàu)",0,ngoài vùng mô hình (Bà Rịa – Vũng Tàu cũ),,,,,,,,,,,
76,rain,"Quốc lộ 51, điểm 5 (Phú Mỹ – Vũng Tàu)",0,ngoài vùng mô hình (Bà Rịa – Vũng Tàu cũ),,,,,,,,,,,
77,rain,"Quốc lộ 51, điểm 6 (Phú Mỹ – Vũng Tàu)",0,ngoài vùng mô hình (Bà Rịa – Vũng Tàu cũ),,,,,,,,,,,
78,rain,Lê Hồng Phong nối dài (Vũng Tàu),0,ngoài vùng mô hình (Bà Rịa – Vũng Tàu cũ),,,,,,,,,,,
79,rain,Đường 30-4 (Vũng Tàu),0,ngoài vùng mô hình (Bà Rịa – Vũng Tàu cũ),,,,,,,,,,,
80,rain,Đường 2-9 (Vũng Tàu),0,ngoài vùng mô hình (Bà Rịa – Vũng Tàu cũ),,,,,,,,,,,
81,rain,Nguyễn An Ninh (Vũng Tàu),0,ngoài vùng mô hình (Bà Rịa – Vũng Tàu cũ),,,,,,,,,,,
82,rain,Trương Công Định (Vũng Tàu),0,ngoài vùng mô hình (Bà Rịa – Vũng Tàu cũ),,,,,,,,,,,
83,rain,Nguyễn Tất Thành (Long Hải),0,ngoài vùng mô hình (Bà Rịa – Vũng Tàu cũ),,,,,,,,,,,
84,tide,"Lê Khả Phiêu (song hành), Hưng Nhơn → Dương Đình Cúc",3,đoạn giữa hai đường giao,106.598558,10.708786,3.1,trunk,12.9,0.219,1.0,1.0,0.769,1.0,3e15cb42a614d9715762;16cb6c667c6729bd59b3;ac0e303d645f8dbc1984
85,tide,Lê Khả Phiêu × Hoàng Đạo Thúy,2,tại chỗ giao,106.596845,10.696777,2.41,trunk,14.1,0.0,0.0,1.0,0.0,1.0,e85e87ef8677eeb9eea9;dd5d6e86a14882caa931
86,tide,"Bến Nghé, số 4 (Tân Thuận)",2,cả con đường,106.729139,10.75529,1.69,residential,4.2,0.0,0.68,1.0,0.0,1.0,93a3311d0c32d96f5533;6f44e08c6449dfea5691
87,tide,"Trần Xuân Soạn, Huỳnh Tấn Phát → Lâm Văn Bền",6,đoạn giữa hai đường giao,106.71921,10.752892,1.42,secondary,3.0,0.441,1.0,1.0,1.0,1.0,65d27bd744d0b4790d98;42f3e650dc3cb02c8915;dfc4dadd1eb4a2deba4e;7252e4dcd94edbed4135;d99bfa99f3fa8cafa1b9;d695d9eb33cc5d4c0481
88,tide,Nguyễn Thị Thập - Tân Mỹ,3,tại chỗ giao,106.718365,10.738248,0.86,secondary,4.3,0.0,0.538,1.0,0.0,1.0,a48528c8bf5536bc70e5;d8f5f7d257ea4408f208;e640e95977afc4602fcb
89,tide,Nguyễn Thị Thập - Lê Văn Lương,3,tại chỗ giao,106.703559,10.739857,1.31,secondary,3.7,0.0,1.0,1.0,1.0,1.0,a4b8ef964843c5b87966;eddda84a57e33fe6fad4;b2d845f3586b642549da
90,tide,"Lê Văn Lương, đoạn qua xã Nhà Bè",6,đoạn giữa hai đường giao,106.702474,10.688156,4.77,secondary,9.2,0.265,1.0,1.0,0.56,1.0,b63972bc61f1df80b694;31ae249e40e7fb9d088b;d92c6ac653a8f1f94c07;728df4a69f6aa06f681e;2721a868758fd4799afe;1fca98a782009671f0e0
91,tide,"Lê Văn Lương, trước cầu Rạch Tôm",6,đoạn giữa hai đường giao,106.702474,10.688156,4.77,secondary,9.2,0.265,1.0,1.0,0.56,1.0,b63972bc61f1df80b694;31ae249e40e7fb9d088b;d92c6ac653a8f1f94c07;728df4a69f6aa06f681e;2721a868758fd4799afe;1fca98a782009671f0e0
92,tide,Huỳnh Tấn Phát × Phạm Hữu Lầu,3,tại chỗ giao,106.73759,10.705198,0.58,primary,8.6,0.634,0.158,1.0,0.0,1.0,b80ee099d6d7b721e5ea;2c806b4dcfe607bec8f2;d3d2c89382e5c8ced05a
93,tide,Huỳnh Tấn Phát × Hoàng Quốc Việt,3,tại chỗ giao,106.737013,10.714297,1.65,primary,7.9,0.0,0.0,1.0,0.0,0.498,2958200a293ea58406bf;94087c77a77f4d0623b2;a4f61a285d8c2565a6c2
94,tide,Nguyễn Lương Bằng × Hoàng Quốc Việt,1,tại chỗ giao,106.731305,10.713083,0.52,secondary,7.4,0.0,1.0,1.0,1.0,1.0,bdc461517fffe7494fe1
95,tide,Nguyễn Lương Bằng × Phạm Hữu Lầu,0,không tìm thấy chỗ giao với đường nêu trong tin,,,,,,,,,,,
96,tide,"Phạm Hữu Lầu, Huỳnh Tấn Phát → cầu Phước Long",2,tại một đầu đoạn,106.73759,10.705198,1.06,secondary,8.4,0.0,0.0,1.0,0.0,0.967,714039ddee881c7f5504;a9b082bc0e7dad2998d5
97,tide,"Nguyễn Hữu Thọ, Phạm Hữu Lầu → cầu Rạch Dĩa 2",3,tại chỗ giao,106.718221,10.695527,4.91,primary,9.1,0.0,0.732,1.0,0.314,0.732,9afc8e50f98e7d7da7fc;6384a19e62e211021d02;3662f0118fbbbb182113
98,tide,"Nguyễn Bình, Huỳnh Tấn Phát → cầu Mương Chuối",2,tại chỗ giao,106.753558,10.678279,1.44,secondary,11.9,0.0,0.967,1.0,0.0,0.967,b930cb88d85b60a2f4d9;9688cd96eed62cbbc22a
99,tide,Lê Thị Tám (Hiệp Phước),3,cả con đường,106.707989,10.680652,0.92,residential,4.4,0.0,0.0,0.569,0.0,0.569,74243b253f4ef5d86457;47a02ee9d8d0b5a43a21;70ae207d0fcf523dc08e
100,tide,"Nguyễn Văn Quỳ, hai bên cầu Phú Mỹ",8,cả con đường,106.736577,10.74061,3.21,tertiary,5.5,0.0,0.88,1.0,0.651,0.975,2e22f8bcd160f849cf95;5dd487e5dcbe3456d445;be1e55c0c7faba6b7197;c961c7f104c152ee75d3;1cf2196bf1880bcaff1d;b3ff4a107428e0f17bfc;024ad5d26f5cd12ba3e1;dc4db2714168c6e5f065
101,tide,Gò Công (Chợ Lớn),2,cả con đường,106.654625,10.750453,0.41,tertiary,5.4,0.0,1.0,1.0,1.0,1.0,b61ddf2ba53f0fc354fc;4e7da5c56c5ba79dbde5
102,tide,Phan Phú Tiên,1,cả con đường,106.665637,10.751598,0.17,residential,4.2,0.0,1.0,1.0,0.0,1.0,c9dd978ad86db409dcaf
103,tide,"Võ Văn Kiệt, Phạm Phú Thứ → Bình Tiên",3,đoạn giữa hai đường giao,106.644793,10.7407,4.06,primary,6.7,0.0,1.0,1.0,1.0,1.0,e3f37227a21d4ea7c7a0;ddaa5da4bfbb3f936459;4b2ea37988ca245a07d2
104,tide,"Phạm Phú Thứ, Võ Văn Kiệt → Phạm Văn Chí",2,đoạn giữa hai đường giao,106.645123,10.742349,0.61,secondary,6.7,0.0,1.0,1.0,1.0,1.0,c1ab2ebe0f9414b38643;b10e1f535910bf48cfde
105,tide,Song Hành Lớn (Bình Phú),4,cả con đường,106.626825,10.741968,1.32,residential,8.8,0.0,0.807,1.0,0.807,1.0,762fc88b8cbaab183257;b0573d95ffc90b1ce2de;4ccc3719fb71fcf54fef;f785c0af9a6e6cd89051
106,tide,Trần Văn Kiểu - đường 32,1,tại chỗ giao,106.627908,10.740883,0.41,tertiary,8.5,0.0,0.0,1.0,0.0,1.0,950f6d6a6d228d44e61c
107,tide,Chân cầu Lò Gốm,1,tại chỗ giao,106.634801,10.734785,4.15,primary,7.6,0.0,1.0,1.0,1.0,1.0,92555520b0fe69d49f69
108,tide,Mai Xuân Thưởng (quận 6 cũ),5,cả con đường,106.647908,10.748344,0.9,tertiary,6.1,0.0,0.859,1.0,0.649,1.0,493988715e2b307ea40f;0992f35f3dfe730746e0;5e674e906b811178b73c;203d2b344d02174b8738;6c1f1ad5e6436cbf2daf
109,tide,Cao Đạt,3,cả con đường,106.682315,10.754184,0.43,residential,2.7,0.0,0.0,1.0,0.0,0.853,c25ec6c4315eb43f1740;f8b036c34b2feecf1647;9a0330334521a0bcc55f
110,tide,An Bình (quận 5 cũ),4,cả con đường,106.672038,10.753017,0.7,tertiary,3.6,0.0,0.642,1.0,0.476,0.901,72ef7499bc7eb2440379;30fa68bf5954ed2637e2;2c209ecb7c2c67e7b7b9;14dfe79a7903a844dd30
111,tide,Nguyễn Biểu,6,cả con đường,106.684087,10.754807,1.41,secondary,2.5,0.0,0.436,0.942,0.436,0.702,98cd5603f242d3523aea;6326c204401c9761fd5e;a82ae7ed1dfb00292f7d;47edf81c90fae1f03d7a;4cfd83ad2d601bbfbfbd;50a5c4ea6cfea50892b7
112,tide,"Trần Hưng Đạo, Nguyễn Biểu → Nguyễn Tri Phương",17,đoạn giữa hai đường giao,106.676564,10.754122,5.95,primary,2.7,0.0,0.356,1.0,0.0,0.803,5fb2f2bf863629c72312;041a1410e2aa4bfbd6ad;d4886544a17e059e8a93;e976ec7232196ba6f64b;90a53d928975f64353fd;fc9a791c7ef283ad54c2;4662e7351a81595748a3;1c72308e21fba6b6111f;41785cdd826d9ae0128f;fc49a01c3ea0ad841531;69684112f550f051ffa7;08caf0be924a2ec3c917;a249adff6a0b098e3adc;1edf46dbec49c9973021;ceabd4c6769823274c59;f7b785bef9cdd2db5e82;6d376010c39a85bdf3b0
113,tide,Phạm Thế Hiển (cả đường),28,cả con đường,106.647455,10.735659,11.31,secondary,6.9,0.115,0.982,1.0,0.839,1.0,7ac7d9a67ba33d2f5e79;dc7585cef6c6388549a6;d345ed609f034a3e83f1;93b11add7ef50390686f;a7b00b6d6d4d057fe3dc;0bdf0128734cb7d4fb73;39bec4e0c997efce72ce;f539ab0a44d7d4cfd2ab;013afe4f38e5e8105f3b;307ec2b007f38ee2dbb4;236838d21e17ceb4a538;504589e1f287e83e12c5;1d72a32d814efb9e2c40;7d15789f44bf81bad272;5b76800da2ddc4fdc166;5dbe6e8e100d245de807;0d9eec8938f8857cb752;b9ae4916882c73a447af;724918afa0b505617685;ce24d36ee80991e30bd1;70693de9e86d2b3233f6;17ddff6f9349ad5c0a50;31d7fed9706f43ec4542;c43276e0651bae843ff4;cd3ec7d7bfbe285c0825;cb9955ed15afd717bd3c;2053ee30675b6df300d5;98fb2ff2cf304e47c88c
114,tide,Dương Bá Trạc,10,cả con đường,106.68925,10.745883,2.76,primary,3.1,0.0,0.779,1.0,0.495,1.0,961ae744e1cf48f662dd;8d093ba85b0e3dcf4c7b;5cac8f30d610c1871533;3f3b6b5ec9beccbaa4a8;6e4bf3e0f43b6a6ac85d;17de47b14983406d77f6;d7f3e4be0fedfa8f9453;5a7eb9dda6d01c25ab85;7e03f6c98a27c8880a7a;d8a0a8afaf23ec666ad0
115,tide,Chân cầu Rạch Chiếc (làn xe máy),4,đoạn quanh vị trí ước lượng,106.756018,10.80871,8.44,trunk,7.0,0.0,0.557,1.0,0.0,1.0,ec14a69a649d3f1a7084;542dcda9f8a875a7d45e;89dbba6d42163a0c5b32;6c4328c2e4253851dc0f
116,tide,"Mai Chí Thọ, trước chung cư New City",3,đoạn quanh vị trí ước lượng,106.741972,10.782891,7.89,trunk,5.2,0.0,1.0,1.0,0.481,1.0,1a167d1163d5541944d0;a85e2681bfe220b3112f;47bf0ccc329f3effd510
117,tide,"R12, chân cầu Ba Son",1,cả con đường,106.714771,10.776971,1.11,secondary,1.9,0.0,1.0,1.0,0.0,1.0,23622beef70e2da721ac
118,tide,Nguyễn Văn Hưởng,6,cả con đường,106.730768,10.810806,4.07,secondary,5.4,0.373,1.0,1.0,1.0,1.0,86356e2c84a3dd2d476e;5d4927ea79bae520f432;590b8a8e19365f962f3f;587cecae0e2b05a2f718;fca1153cc65d1e99ff12;d1b2b63a2723fab5fd83
119,tide,"Nguyễn Duy Trinh, cây xăng Kim Long 813 (Long Trường)",6,đoạn quanh vị trí ước lượng,106.811624,10.80154,3.29,secondary,12.9,0.0,0.183,0.892,0.0,0.455,b72a2a914b69707d4c55;e9f4221bec11a7751e86;d90eac81d09dbcec7749;560411b0e814b438f1e6;84956ddbdfb73cefc3ff;407577ca469c01d909d3
120,tide,Liên Phường - Bưng Ông Thoàn,2,tại chỗ giao,106.799753,10.804722,1.65,tertiary,11.4,0.0,0.0,0.874,0.0,0.874,90a94c0ccdce0e64b516;c4ba6b42580696f47928
121,tide,"Bờ kè lô F, cư xá Thanh Đa",0,"không phải tên đường, chưa định vị",,,,,,,,,,,
122,tide,Hà Huy Giáp (An Phú Đông),19,cả con đường,106.693145,10.89841,11.91,primary,11.8,0.0,0.713,0.87,0.294,0.828,78cbe3fdb0f551149f9c;0af7db49de2686d4ead3;78c247dc3f86506933ea;56cb965493249791a3c2;a5857be25f5357fd0b10;61dfd40704b1f6b03328;f936a6015b99de417082;4dd9128d27a7065f3b75;31af14e95dbae597e9c0;9a264f866b6106a5d329;bf5e78c3234270b53f23;9e7c253e00270d22d683;b390933de46557ede4db;6ecc5969b274636fc9fd;fca038e4c665cc4d1dd9;4561c2df653ba595dd1d;018e13eea8c5050cc8b7;f9f7878e50b7d0d1aefd;55a90fc4ceb23697b17c
